prolific_id,age,gender,religion,ethnic_group,education,primary_language,type_of_residence,income,political_stance
6604cc1105cf0f2779ae1ae8,25-34,Female,Islam,White or Caucasian,Graduate degree (MA/MSc/MPhil/other),English,Suburban,"$20,000 - $29,999",Very liberal
57d3280454aba00001d9f0f7,25-34,Female,Spiritual but not religious,White or Caucasian,Undergraduate degree (BA/BSc/other),English,Suburban,"$70,000 - $79,999",Liberal
67acfb68c3860389b0c4db4b,25-34,Female,Christianity,White or Caucasian,Undergraduate degree (BA/BSc/other),English,Suburban,"$50,000 - $59,999",Very conservative
66661b49621ea96feaf4f6f3,35-44,Female,Christianity,Asian,High school diploma/A-levels,English,Suburban,"$50,000 - $59,999",Conservative
6789317cf0fc05fe026e0010,25-34,Female,Christianity,Asian,Undergraduate degree (BA/BSc/other),English,Suburban,"$10,000 - $19,999",Conservative
67a98bde69857fed20901227,45-54,Female,No Religion,White or Caucasian,Graduate degree (MA/MSc/MPhil/other),English,Suburban,"Less than $10,000",Very liberal
673e9c8e7b6bcc324c61c7f6,35-44,Female,Christianity,White or Caucasian,Undergraduate degree (BA/BSc/other),English,Suburban,"$100,000 - $149,999",Conservative
60fcd2732f224ad841d9677d,35-44,Female,No Religion,White or Caucasian,High school diploma/A-levels,English,Rural,"Less than $10,000",Very liberal
60f838095603e27ca51820a7,65-74,Male,No Religion,White or Caucasian,Undergraduate degree (BA/BSc/other),English,Suburban,"$90,000 - $99,999",Very liberal
65fda8834c37f95628836b89,45-54,Male,Christianity,White or Caucasian,Undergraduate degree (BA/BSc/other),English,Suburban,"$100,000 - $149,999",Conservative
6632d4093ebf44b7fb54bd8b,55-64,Female,Jewish,White or Caucasian,Graduate degree (MA/MSc/MPhil/other),English,Urban,"$80,000 - $89,999",Liberal
5c48ec2d91d23d0001b8b3fb,25-34,Female,No Religion,Asian,Undergraduate degree (BA/BSc/other),English,Urban,"$30,000 - $39,999",Liberal
570bc1ffb9b52b00102db939,35-44,Female,No Religion,White or Caucasian,Undergraduate degree (BA/BSc/other),English,Suburban,"$10,000 - $19,999",Liberal
5ec6852ffa4c53071c789fe8,35-44,Female,Hinduism,Asian,Undergraduate degree (BA/BSc/other),English,Urban,"More than $150,000",Liberal
66f1476e012c184af557ea45,35-44,Male,Christianity,American Indian or Alaska Native,Undergraduate degree (BA/BSc/other),English,Rural,"$30,000 - $39,999",Moderate
62fbaa7154448f35639decf0,18-24,Female,No Religion,White or Caucasian,Undergraduate degree (BA/BSc/other),English,Suburban,"Less than $10,000",Liberal
6722980e06a7821ba6c3a4a8,25-34,Non-Binary,Spiritual but not religious,White or Caucasian,Undergraduate degree (BA/BSc/other),English,Suburban,"$20,000 - $29,999",Very liberal
673fe7aa938b15c15b2f5e41,25-34,Male,Islam,White or Caucasian,Undergraduate degree (BA/BSc/other),English,Suburban,"$60,000 - $69,999",Prefer not to say
66f9a17ab28271f82b08e629,25-34,Male,No Religion,White or Caucasian,High school diploma/A-levels,English,Suburban,"$20,000 - $29,999",Moderate
67ad348ba2ba061e6ab47632,35-44,Female,Christianity,White or Caucasian,Undergraduate degree (BA/BSc/other),English,Suburban,"$20,000 - $29,999",Liberal
65f4f9a55754b209484cfd9a,18-24,Female,No Religion,Black or African American,Undergraduate degree (BA/BSc/other),English,Suburban,Rather not say,Very liberal
5aec65676cc87b0001d70c7b,25-34,Male,No Religion,White or Caucasian,Graduate degree (MA/MSc/MPhil/other),English,Urban,"$60,000 - $69,999",Very liberal
659fff4087038351f6e42a45,35-44,Female,Christianity,White or Caucasian,Undergraduate degree (BA/BSc/other),English,Suburban,"$100,000 - $149,999",Liberal
63d82b2de40f94ceb14816cc,25-34,Male,No Religion,White or Caucasian,Undergraduate degree (BA/BSc/other),English,Suburban,"$10,000 - $19,999",Moderate
67ad733cf9a01c2ad45b7822,25-34,Female,No Religion,White or Caucasian,Technical/community college,English,Rural,"$100,000 - $149,999",Conservative
5edbd55ddc4bc508d77f8e41,35-44,Male,Spiritual but not religious,Black or African American,Technical/community college,English,Suburban,"$20,000 - $29,999",Liberal
66bd8d2bf62eeef235e8e984,35-44,Female,No Religion,Asian,Undergraduate degree (BA/BSc/other),English,Suburban,"Less than $10,000",Liberal
5f2fc0f05b67073c177aaece,35-44,Female,Christianity,White or Caucasian,Undergraduate degree (BA/BSc/other),English,Suburban,"$20,000 - $29,999",Very liberal
67aa798bfa1acc34999c4c58,18-24,Female,Hinduism,Asian,High school diploma/A-levels,English,Suburban,"$10,000 - $19,999",Moderate
61501967e49a3d7e1977e4b4,75 and older,Female,Buddhism,White or Caucasian,Undergraduate degree (BA/BSc/other),English,Suburban,"$40,000 - $49,999",Liberal
6774e29d35bfe170ef2d81f4,45-54,Male,Spiritual but not religious,White or Caucasian,Technical/community college,English,Rural,"$50,000 - $59,999",Moderate
5df5dd87a6eb60405fef045c,35-44,Male,No Religion,White or Caucasian,High school diploma/A-levels,English,Urban,"$100,000 - $149,999",Conservative
66568ff46433def917f4d344,18-24,Female,Spiritual but not religious,Asian,Undergraduate degree (BA/BSc/other),"English, Nepalese",Suburban,"Less than $10,000",Very liberal
6750f2355fd9ba678f76fa5c,45-54,Female,Christianity,Black or African American,Graduate degree (MA/MSc/MPhil/other),English,Suburban,"$60,000 - $69,999",Liberal
677a78241429d0113746e0c8,25-34,Male,Christianity,Black or African American,Undergraduate degree (BA/BSc/other),English,Rural,"$60,000 - $69,999",Liberal
66e36c2a42057ef4775c2595,65-74,Male,Jewish,White or Caucasian,Undergraduate degree (BA/BSc/other),English,Suburban,"$60,000 - $69,999",Moderate
663eed38de9f3609c772b7f9,55-64,Female,No Religion,White or Caucasian,Graduate degree (MA/MSc/MPhil/other),English,Suburban,"$20,000 - $29,999",Liberal
6750d3484a42c2a4f44e09ce,35-44,Female,Christianity,White or Caucasian,Technical/community college,English,Rural,"$20,000 - $29,999",Very conservative
5efe44bebdee09152fe08acc,35-44,Male,Apathiest,White or Caucasian,High school diploma/A-levels,English,Suburban,"Less than $10,000",Liberal
6630e01b7d69d22b8be429a6,25-34,Male,No Religion,Asian,Undergraduate degree (BA/BSc/other),English,Suburban,"$60,000 - $69,999",Moderate
663e251d0e5b9e5b42d5c0d6,18-24,Female,Christianity,Indian/Native American,Technical/community college,English,Suburban,"Less than $10,000",Conservative
6111a8e5c22c39a1c92edb70,35-44,Male,No Religion,White or Caucasian,High school diploma/A-levels,English,Suburban,"$70,000 - $79,999",Libertarian
6110888158573651261c3100,55-64,Female,Christianity,White or Caucasian,Secondary education (e.g. GED/GCSE),English,Urban,"$60,000 - $69,999",Moderate
5df5dd87a6eb60405fef045c,35-44,Male,No Religion,White or Caucasian,High school diploma/A-levels,English,Urban,"$100,000 - $149,999",Conservative
64666a24d4af630f6124f177,55-64,Female,Christianity,White or Caucasian,High school diploma/A-levels,English,Suburban,"$20,000 - $29,999",Moderate
6638d7349906ca570c2b337b,35-44,Female,Spiritual but not religious,White or Caucasian,Technical/community college,English,Rural,"$50,000 - $59,999",Moderate
67ac22b010cbeaf07e8da137,45-54,Female,Christianity,White or Caucasian,High school diploma/A-levels,English,Suburban,"$30,000 - $39,999",Liberal
67abd57a8bc907775a0d58fa,65-74,Female,No Religion,White or Caucasian,Graduate degree (MA/MSc/MPhil/other),English,Suburban,"$70,000 - $79,999",Very liberal
663ab87bffa8dede273ec3f4,25-34,Female,Jewish,White or Caucasian,Graduate degree (MA/MSc/MPhil/other),English,Suburban,"$20,000 - $29,999",Very liberal
5d16339963a8fa00166f6e26,25-34,Female,Christianity,White or Caucasian,Undergraduate degree (BA/BSc/other),English,Urban,"$30,000 - $39,999",Liberal
5eb342dff78ab11407daf144,18-24,Female,Buddhism,Asian,Graduate degree (MA/MSc/MPhil/other),English,Suburban,"Less than $10,000",Moderate
6140c38ec9e5109e65060a70,55-64,Female,Christianity,Asian,Graduate degree (MA/MSc/MPhil/other),English,Suburban,"Less than $10,000",Liberal
675eea490536784119d3a645,55-64,Male,Christianity,White or Caucasian,Technical/community college,English,Suburban,"$100,000 - $149,999",Moderate
640542a41c8bf2690ddcf271,55-64,Male,Christianity,White or Caucasian,High school diploma/A-levels,English,Suburban,"Less than $10,000",Conservative
66f26de8c801a62c5db9e718,35-44,Male,No Religion,White or Caucasian,Undergraduate degree (BA/BSc/other),English,Suburban,"$80,000 - $89,999",Moderate
663a77175dc55e36c6f4d31f,25-34,Female,No Religion,Hispanic or Latino,Undergraduate degree (BA/BSc/other),English,Urban,"$50,000 - $59,999",Very liberal
663a8c4fabf5f8f4ddb21bbd,35-44,Female,No Religion,biracial,Graduate degree (MA/MSc/MPhil/other),English,Urban,"$60,000 - $69,999",Very liberal
5fe354a2e44df4fb4634bbc3,35-44,Female,Christianity,African American/Cuban/Native American/Jamaican,High school diploma/A-levels,English,Suburban,"Less than $10,000",Conservative
6761ea1f2b9c012381a3a8f1,55-64,Female,Spiritual but not religious,White or Caucasian,High school diploma/A-levels,English,Urban,"$10,000 - $19,999",Liberal
643ac28192af48c396d97709,45-54,Non-Binary,No Religion,White or Caucasian,High school diploma/A-levels,English,Suburban,"Less than $10,000",Very liberal
677f4d489350d2dd9eae2ed8,35-44,Female,No Religion,Hispanic or Latino,Undergraduate degree (BA/BSc/other),English,Urban,"$40,000 - $49,999",Moderate
60430fc782b5752a7ae8d797,35-44,Female,No Religion,Asian,Graduate degree (MA/MSc/MPhil/other),English,Urban,"$100,000 - $149,999",Very liberal
6639bc448033a441fd301e89,35-44,Female,No Religion,White or Caucasian,Undergraduate degree (BA/BSc/other),English,Suburban,"$10,000 - $19,999",Very liberal
612bb0cdecc9e45781bbf511,45-54,Male,No Religion,White or Caucasian,Technical/community college,English,Rural,"$50,000 - $59,999",Liberal
676b33c1d81ebdc39caa018b,55-64,Female,Spiritual but not religious,Black or African American,Undergraduate degree (BA/BSc/other),English,Urban,"$20,000 - $29,999",Very liberal
612bb0204ad8e7e8bed041eb,35-44,Male,Christianity,White or Caucasian,Technical/community college,English,Suburban,"$40,000 - $49,999",Very conservative
5df92adad52c7b6b38b5012d,25-34,Female,No Religion,White or Caucasian,High school diploma/A-levels,English,Suburban,"$30,000 - $39,999",Liberal
67a5fec24a4a06a49621d616,35-44,Female,Christianity,White or Caucasian,Graduate degree (MA/MSc/MPhil/other),English,Suburban,"$90,000 - $99,999",Very conservative
65b965069a415587a755a7de,35-44,Male,Christianity,Asian,High school diploma/A-levels,English,Suburban,"$70,000 - $79,999",Moderate
63d7cbbc05916152378dfcb5,35-44,Female,Christianity,White or Caucasian,High school diploma/A-levels,English,Rural,"$70,000 - $79,999",Very conservative
676cdf06a9a9208a2b1ed100,25-34,Female,No Religion,White or Caucasian,Undergraduate degree (BA/BSc/other),English,Rural,"$30,000 - $39,999",Moderate
6533cda31746894c5e981a84,25-34,Male,Jewish,White or Caucasian,Undergraduate degree (BA/BSc/other),English,Suburban,"More than $150,000",Conservative
63d7a8a2591096e22405d64a,35-44,Male,Christianity,White or Caucasian,Technical/community college,English,Rural,"$20,000 - $29,999",Conservative
614f7550e1d2a29137820173,35-44,Female,Christianity,Biracial,Undergraduate degree (BA/BSc/other),English,Urban,"$60,000 - $69,999",Conservative
669182858aba6fb03faa14f2,18-24,Male,Christianity,White or Caucasian,Technical/community college,English,Suburban,"Less than $10,000",Very conservative
5fe2bc6c9177396d90ae7f54,55-64,Female,Christianity,White or Caucasian,Technical/community college,English,Rural,"$40,000 - $49,999",Very conservative
5fc1ffc15478a5319b85ecd2,35-44,Female,Christianity,White or Caucasian,High school diploma/A-levels,English,Rural,"$20,000 - $29,999",Moderate
663162c51004ff78580dce60,35-44,Female,Islam,you are forgetting Middle Eastern North African,Doctorate degree (PhD/other),English,Urban,Rather not say,Very liberal
66bd4bd76fb01a9fb1db759e,25-34,Female,No Religion,Mixed ,Technical/community college,English,Rural,"$10,000 - $19,999",Moderate
661d91cf9f3f83afa8e53a0d,55-64,Female,Christianity,White or Caucasian,Undergraduate degree (BA/BSc/other),English,Urban,"$50,000 - $59,999",Very liberal
6581b7c4798415297872c04d,45-54,Male,Spiritual but not religious,Hispanic or Latino,Undergraduate degree (BA/BSc/other),English,Urban,"$100,000 - $149,999",Conservative
6400d8fbeba2f9f8eb604b9a,35-44,Male,No Religion,Asian,Technical/community college,English,Urban,"$60,000 - $69,999",Liberal
611132b18e9901b4cf5d24a6,18-24,Female,No Religion,White or Caucasian,Undergraduate degree (BA/BSc/other),English,Suburban,"$70,000 - $79,999",Liberal
66f63aeba07bb69cb2f44c32,25-34,Male,Christianity,White or Caucasian,Technical/community college,English,Suburban,"$50,000 - $59,999",Liberal
646c323d73a3844a4331e09b,55-64,Male,No Religion,White or Caucasian,Undergraduate degree (BA/BSc/other),English,Urban,"$90,000 - $99,999",Liberal
66ad08652f267eda0c1ce5f1,45-54,Female,Christianity,White or Caucasian,Doctorate degree (PhD/other),English,Urban,"$40,000 - $49,999",Liberal
5e7a7018ca1800060744e831,35-44,Male,Christianity,White or Caucasian,Technical/community college,English,Rural,"$60,000 - $69,999",Conservative
667ac24e8a35b9582905cddc,25-34,Male,Christianity,White or Caucasian,Undergraduate degree (BA/BSc/other),English,Suburban,"$90,000 - $99,999",Moderate
673b79ba5d7681e718c277fc,25-34,Female,Christianity,White or Caucasian,Undergraduate degree (BA/BSc/other),English,Suburban,"$90,000 - $99,999",Conservative
6065e0e0dc379156ad030ccf,18-24,Bi-gender,Spiritual but not religious,White or Caucasian,Technical/community college,English,Suburban,"$10,000 - $19,999",Liberal
6604659d90f32e434cb25d96,45-54,Male,No Religion,Asian,Undergraduate degree (BA/BSc/other),English,Urban,"$10,000 - $19,999",Very liberal
65d18312ec01276835092542,35-44,Female,Christianity,Hispanic or Latino,Technical/community college,English,Rural,"$70,000 - $79,999",Conservative
63d14f9af4f2e033177bbe4c,45-54,Female,Christianity,White or Caucasian,High school diploma/A-levels,English,Suburban,"$60,000 - $69,999",Conservative
660b6de2a4cafb3cd4451943,45-54,Male,Christianity,White or Caucasian,Graduate degree (MA/MSc/MPhil/other),English,Urban,"More than $150,000",Conservative
5c00c45ee9f4260001175a8c,25-34,Male,Other Christian ,Black or African American,High school diploma/A-levels,English,Rural,"$10,000 - $19,999",Liberal
5f906f49f5fd170ffa4b393a,18-24,Female,Islam,Black or African American,High school diploma/A-levels,English,Suburban,"$30,000 - $39,999",Conservative
6765f54eec89c2dc2f1e2493,25-34,Male,Christianity,White or Caucasian,Undergraduate degree (BA/BSc/other),English,Suburban,"$70,000 - $79,999",Liberal
6785bfe2d328dcc56805d414,18-24,Female,Christianity,White or Caucasian,Undergraduate degree (BA/BSc/other),English,Rural,"Less than $10,000",Very conservative
5f4c49b249b99c1462dd2640,35-44,Female,Spiritual but not religious,White or Caucasian,High school diploma/A-levels,English,Rural,"Less than $10,000",Very liberal
66fde30b007e7c1b3f94c591,35-44,Male,Christianity,White or Caucasian,Undergraduate degree (BA/BSc/other),English,Suburban,"$30,000 - $39,999",Conservative
5b9dd322f074140001050095,35-44,Female,Christianity,White or Caucasian,High school diploma/A-levels,English,Rural,"Less than $10,000",Moderate
662fa179ed273f51cd8df9b1,55-64,Female,Christianity,White or Caucasian,Doctorate degree (PhD/other),English,Suburban,"$30,000 - $39,999",Conservative
5b66c8d4cda8590001dafb0c,25-34,Male,Christianity,White or Caucasian,Undergraduate degree (BA/BSc/other),English,Urban,"$80,000 - $89,999",Libertarian
650917227df766f0de543c1c,35-44,Male,Christianity,White or Caucasian,Graduate degree (MA/MSc/MPhil/other),English,Rural,"$100,000 - $149,999",Very conservative
63d77a647dbf6c0c53b0d375,35-44,Male,No Religion,White or Caucasian,Technical/community college,English,Suburban,"Less than $10,000",Very liberal
616c056b42e788ef31efc4b0,35-44,Female,No Religion,Asian,Undergraduate degree (BA/BSc/other),English,Urban,"$70,000 - $79,999",Very liberal
67c27cb7ca7749a38813eacf,65-74,Female,Christianity,White or Caucasian,Technical/community college,English,Urban,"$100,000 - $149,999",Conservative
6749b2a056a745f3efe9540a,35-44,Male,No Religion,White or Caucasian,Undergraduate degree (BA/BSc/other),English,Urban,"$60,000 - $69,999",Liberal
5f29e341526abc18636157b4,25-34,Female,Christianity,Hispanic or Latino,Graduate degree (MA/MSc/MPhil/other),"English, Spanish, German",Suburban,"More than $150,000",Moderate
60fe1263b3ba56b9ae22b0b8,25-34,Female,Christianity,White or Caucasian,Graduate degree (MA/MSc/MPhil/other),English,Urban,"$50,000 - $59,999",Very liberal
5be87e33a14b540001aa2ea5,25-34,Female,Christianity,White or Caucasian,Undergraduate degree (BA/BSc/other),English,Suburban,"More than $150,000",Liberal
5b57d2acbc04d60001e5e76e,25-34,Male,No Religion,Black or African American,High school diploma/A-levels,English,Urban,"Less than $10,000",Very liberal
66c54af7161ce171be02ea91,25-34,Female,Spiritual but not religious,Hispanic or Latino,Technical/community college,"English, Spanish",Suburban,"Less than $10,000",Moderate
65ecbbfd7c441da2b07a6faa,35-44,Male,Christianity,White or Caucasian,Secondary education (e.g. GED/GCSE),English,Suburban,"Less than $10,000",Conservative
5622e4dced6e5a0005c80078,45-54,Female,No Religion,White or Caucasian,Undergraduate degree (BA/BSc/other),English,Urban,"$60,000 - $69,999",Very liberal
65f3b4e8cd6885d540297d36,45-54,Female,No Religion,White or Caucasian,High school diploma/A-levels,English,Rural,"Less than $10,000",Liberal
559c3ae1fdf99b32b55f2d33,35-44,Male,No Religion,White or Caucasian,High school diploma/A-levels,English,Suburban,"$10,000 - $19,999",Very liberal
584626b7e0ba710001a47438,25-34,Male,No Religion,MIxed,High school diploma/A-levels,English,Urban,"Less than $10,000",Liberal
607778a26ff3de83125f50c5,35-44,Male,Hinduism,Asian,Technical/community college,English,Urban,"Less than $10,000",Conservative
5ddf3a3a23f9f1eabaf02ad5,35-44,Female,Christianity,White or Caucasian,Undergraduate degree (BA/BSc/other),English,Suburban,"More than $150,000",Libertarian
5d982c7ef65bb80019cc6731,55-64,Female,No Religion,White or Caucasian,Undergraduate degree (BA/BSc/other),English,Rural,"$20,000 - $29,999",Liberal
663a93fe3e8d9c38e278fe5a,65-74,Female,Christianity,White or Caucasian,Technical/community college,English,Urban,"$60,000 - $69,999",Conservative
609ee7a707f13c414e5e87ec,45-54,Female,No Religion,White or Caucasian,Technical/community college,English,small town,"$30,000 - $39,999",Liberal
6114b416d9c506518392523e,55-64,Male,Christianity,White or Caucasian,Secondary education (e.g. GED/GCSE),English,Suburban,"$10,000 - $19,999",Conservative
67a8cdbf325277d13ca51301,65-74,Male,No Religion,White or Caucasian,Doctorate degree (PhD/other),English,Urban,"$100,000 - $149,999",Very conservative
6334df27284fbe566f1b02be,18-24,Male,No Religion,White or Caucasian,High school diploma/A-levels,English,Urban,"$30,000 - $39,999",Very liberal
65c10795eb626271fd142360,35-44,Male,Christianity,White or Caucasian,Doctorate degree (PhD/other),English,Suburban,"$100,000 - $149,999",Conservative
64fb7a063c124d3259221f63,18-24,Female,No Religion,Hispanic or Latino,High school diploma/A-levels,"English, Spanish",Suburban,"$70,000 - $79,999",Liberal
5b9dd07de671c60001226b79,25-34,Male,No Religion,White or Caucasian,Secondary education (e.g. GED/GCSE),English,Rural,"Less than $10,000",Very liberal
571c944ee1d2ec0012a68677,55-64,Female,Spiritual but not religious,White or Caucasian,Undergraduate degree (BA/BSc/other),English,Urban,Rather not say,Very liberal
5befb6e27c387400016983bf,35-44,Male,No Religion,White or Caucasian,Undergraduate degree (BA/BSc/other),English,Suburban,"$80,000 - $89,999",Conservative
6759f93221773b62cc8afd53,55-64,Non-Binary,Spiritual but not religious,White or Caucasian,Technical/community college,English,Suburban,"$20,000 - $29,999",Prefer not to say
665f5ff6ca00d4b5f747cfef,65-74,Male,Christianity,White or Caucasian,Undergraduate degree (BA/BSc/other),English,Suburban,"$90,000 - $99,999",Liberal
677071eec77c21b82249b9e8@email.prolific.com,45-54,Female,No Religion,White or Caucasian,Technical/community college,English,Suburban,"$40,000 - $49,999",Liberal
6744b1789445aeafc442fa42,35-44,Male,Christianity,White or Caucasian,Undergraduate degree (BA/BSc/other),English,Rural,"$50,000 - $59,999",Very conservative
67007d655b10fbe2d93c3508,35-44,Male,No Religion,White or Caucasian,Technical/community college,English,Suburban,"$10,000 - $19,999",Liberal
65be937e8c2d66eb61e16520,35-44,Male,Spiritual but not religious,White/Hispanic,High school diploma/A-levels,English,Suburban,"Less than $10,000",Very liberal
6738fb6675428cd9a4c052f8,45-54,Male,Islam,Black or African American,Graduate degree (MA/MSc/MPhil/other),English,Rural,"$20,000 - $29,999",Liberal
5f233e697cbaef0e3868725a,35-44,Male,No Religion,White or Caucasian,Secondary education (e.g. GED/GCSE),English,Suburban,"$50,000 - $59,999",Conservative
66046ee084b12b781cb49495,25-34,Male,No Religion,White or Caucasian,High school diploma/A-levels,English,Suburban,"$10,000 - $19,999",Very liberal
6054e5f7c1931593649b158f,18-24,Male,No Religion,Asian,High school diploma/A-levels,English,Suburban,"Less than $10,000",Very liberal
670218c2b67aa153fd9164fb,35-44,Male,No Religion,White or Caucasian,Undergraduate degree (BA/BSc/other),English,Urban,"$30,000 - $39,999",Very conservative
590eb4006d77630001d3a28a,25-34,Female,No Religion,White or Caucasian,Technical/community college,English,Suburban,"Less than $10,000",Very liberal
678a34ea946cde7b03699178,45-54,Female,Spiritual but not religious,White or Caucasian,Undergraduate degree (BA/BSc/other),English,Suburban,"$80,000 - $89,999",Very liberal
678e105cad94a580e7a4a432,25-34,Female,Christianity,White or Caucasian,High school diploma/A-levels,English,Rural,"$30,000 - $39,999",Very conservative
66c5fd9cd88ff2690f682cec,55-64,Female,Spiritual but not religious,White or Caucasian,Graduate degree (MA/MSc/MPhil/other),English,Suburban,"$20,000 - $29,999",Very liberal
676669b707b1484c46e779fb,45-54,Female,No Religion,White or Caucasian,Undergraduate degree (BA/BSc/other),English,Urban,"$90,000 - $99,999",Liberal
67843a0d463e42f7f8fe1054,18-24,Female,Christianity,Black or African American,Secondary education (e.g. GED/GCSE),English,Suburban,"$60,000 - $69,999",Moderate
662bfe3478204b677cc2ad6b,35-44,Female,No Religion,White or Caucasian,Undergraduate degree (BA/BSc/other),English,Suburban,"$10,000 - $19,999",Very liberal
657f5cb338e31904b66cd970,45-54,Female,No Religion,White or Caucasian,High school diploma/A-levels,English,Rural,"$10,000 - $19,999",Conservative
6314c1e76c3f71e2127f1976,35-44,Male,Spiritual but not religious,White or Caucasian,Secondary education (e.g. GED/GCSE),English,Urban,"Less than $10,000","I do not vote, because it would make no difference."
5e7b58cdb706bb1489647f8c,55-64,Female,No Religion,White or Caucasian,Graduate degree (MA/MSc/MPhil/other),English,Rural,"$100,000 - $149,999",Conservative
647fe69be349b78b571ecedd,55-64,Male,Christianity,White or Caucasian,Doctorate degree (PhD/other),English,Suburban,"$100,000 - $149,999",Very liberal
67a8dc830a549478cd3616f5,25-34,Male,Islam,Black or African American,Graduate degree (MA/MSc/MPhil/other),English,Urban,"$50,000 - $59,999",Conservative
672e4755b075b7e20e6e78ad,35-44,Female,Christianity,White or Caucasian,Undergraduate degree (BA/BSc/other),English,Urban,"$30,000 - $39,999",Very conservative
58c5455ac7ed3f000116d32c,25-34,Female,Christianity,White or Caucasian,Undergraduate degree (BA/BSc/other),English,Rural,"$60,000 - $69,999",Very liberal
674934b4b6bd253249a72d63,45-54,Male,Christianity,White or Caucasian,High school diploma/A-levels,English,Suburban,"More than $150,000",Conservative
65bff5ce2c3df3a5127fa462,18-24,Male,No Religion,Asian,Undergraduate degree (BA/BSc/other),Mandarin Chinese,Suburban,"Less than $10,000",Conservative
67aad067b49c4688a6459b1b,35-44,Male,Islam,Black or African American,High school diploma/A-levels,English,Urban,"$70,000 - $79,999",Moderate
5b20c5e04c72120001f25dda,35-44,Male,Christianity,Hispanic or Latino,Technical/community college,Spanish,Suburban,"Less than $10,000",Moderate
6673ad6b8abf0e0b25ea3131,55-64,Female,Jewish,White or Caucasian,Graduate degree (MA/MSc/MPhil/other),English,Urban,Rather not say,Very liberal
671912820d4a64051a764936,45-54,Male,No Religion,Black or African American,High school diploma/A-levels,English,Suburban,"Less than $10,000",Very liberal
678c070c7787cc581cc49afa,45-54,Female,Christianity,White or Caucasian,Graduate degree (MA/MSc/MPhil/other),English,Urban,"$100,000 - $149,999",Conservative
5fee99daeae54318b087e9b5,35-44,Female,No Religion,White or Caucasian,Undergraduate degree (BA/BSc/other),English,Rural,"$60,000 - $69,999",Liberal
6100dd0240e57d5cb3908402,18-24,Female,No Religion,Hispanic or Latino,Technical/community college,"English, Spanish",Urban,"Less than $10,000",Very liberal
5dfd077e3690bd03bfa91d48,55-64,Male,Christianity,White or Caucasian,High school diploma/A-levels,English,Suburban,"$100,000 - $149,999",Conservative
61282ca83be28773ac7c421f,35-44,Female,Christianity,White or Caucasian,Technical/community college,English,small town,"$10,000 - $19,999",Moderate
63d423b81f5e313b9958723c,35-44,Male,No Religion,Asian,Undergraduate degree (BA/BSc/other),English,Suburban,"$30,000 - $39,999",Liberal
65457d010fa4284b0c637029,25-34,Female,Christianity,Hispanic or Latino,High school diploma/A-levels,English,Suburban,"$30,000 - $39,999",Liberal
66f8367b5310ebb97346b93c,18-24,Male,No Religion,White or Caucasian,High school diploma/A-levels,English,Suburban,"$70,000 - $79,999",Moderate
56e6a66af6ed900006a5867c,35-44,Male,No Religion,White or Caucasian,High school diploma/A-levels,English,Suburban,"$40,000 - $49,999",Moderate
67ba348a7c1ce0cc342aade6,35-44,Female,Christianity,White or Caucasian,Graduate degree (MA/MSc/MPhil/other),English,Rural,"$30,000 - $39,999",Liberal
6737baa242fb816259c039ab,18-24,Female,Spiritual but not religious,Hispanic or Latino,Secondary education (e.g. GED/GCSE),English,Urban,"$30,000 - $39,999",Moderate
6660e9d5def9dbf513c4f7b9,35-44,Female,Christianity,White or Caucasian,High school diploma/A-levels,English,Suburban,"$30,000 - $39,999",Conservative
62d9528ed4256ae12b504b06,18-24,Male,Christianity,White or Caucasian,Graduate degree (MA/MSc/MPhil/other),English,Suburban,"$100,000 - $149,999",Liberal
673d6b4fb7181b12310a27e2,25-34,Male,Christianity,White or Caucasian,Undergraduate degree (BA/BSc/other),English,Rural,"$80,000 - $89,999",Conservative
66f1c48727616cf7c9f2c84a,35-44,Female,Christianity,Black or African American,Undergraduate degree (BA/BSc/other),English,Suburban,"$50,000 - $59,999",Conservative
675d222d2d028eb21bb06d30,35-44,Male,Christianity,White or Caucasian,Graduate degree (MA/MSc/MPhil/other),English,Urban,"$100,000 - $149,999",Very conservative
5e6482c9142c3c204d56baa0,35-44,Male,No Religion,White or Caucasian,Technical/community college,English,Suburban,"$50,000 - $59,999",Very liberal
655f9592d623b0eda5248835,18-24,Female,No Religion,Black or African American,Technical/community college,English,Urban,"Less than $10,000",Very liberal
671fdf7f79e09b7843fa1bc6,35-44,Male,Spiritual but not religious,White or Caucasian,Undergraduate degree (BA/BSc/other),English,Suburban,"$30,000 - $39,999",Moderate
66a89e836a4715dac30bd2d3,75 and older,Male,Christianity,White or Caucasian,Undergraduate degree (BA/BSc/other),English,Suburban,"$40,000 - $49,999",Conservative
5f974c72a0ed8c0f9ce724ea,25-34,Male,No Religion,White or Caucasian,Undergraduate degree (BA/BSc/other),English,Suburban,"$20,000 - $29,999",Liberal
67548479896611f20a4da518,55-64,Female,Christianity,White or Caucasian,Doctorate degree (PhD/other),English,Urban,"More than $150,000",Very liberal
5dec8925be656d35d4005320,55-64,Male,Christianity,White or Caucasian,Undergraduate degree (BA/BSc/other),English,Urban,"$70,000 - $79,999",Very conservative
67aa0dc26cad21201f1e58ec,55-64,Male,Islam,White or Caucasian,Graduate degree (MA/MSc/MPhil/other),English,Urban,"$50,000 - $59,999",Conservative
6763f1133bd483762829334e,25-34,Female,Christianity,White or Caucasian,Undergraduate degree (BA/BSc/other),English,Suburban,"$50,000 - $59,999",Conservative
5d3695969749cc00165c222f,25-34,Male,No Religion,White or Caucasian,High school diploma/A-levels,English,Suburban,"$10,000 - $19,999",Liberal
677ac5caa795f974325e5c65,25-34,Female,Christianity,White or Caucasian,Graduate degree (MA/MSc/MPhil/other),English,Urban,"$100,000 - $149,999",Very conservative
5658000ca9872d0011e1ba26,35-44,Male,No Religion,White or Caucasian,High school diploma/A-levels,English,Rural,"Less than $10,000",Very liberal
67a4d2b80e1d69b9a872e76e,25-34,Male,Christianity,White or Caucasian,Graduate degree (MA/MSc/MPhil/other),English,Urban,"$100,000 - $149,999",Very conservative
678bce747d5530210477b8dd,25-34,Female,Christianity,White or Caucasian,Graduate degree (MA/MSc/MPhil/other),English,Urban,"$100,000 - $149,999",Very conservative
67a68bbba5087b1c7c8431df,35-44,Male,Christianity,White or Caucasian,Graduate degree (MA/MSc/MPhil/other),English,Urban,"$100,000 - $149,999",Very conservative
67255b7d44e290655c0ed3cf,35-44,Female,Christianity,White or Caucasian,Undergraduate degree (BA/BSc/other),English,Suburban,"$50,000 - $59,999",Conservative
673272776cc79a6dfab966d1,25-34,Male,Christianity,White or Caucasian,Doctorate degree (PhD/other),English,Urban,"More than $150,000",Very conservative
65957cc2d41780a47a18bd91,25-34,Female,Christianity,Black or African American,Doctorate degree (PhD/other),English,Urban,"More than $150,000",Moderate
5a6f57166923df0001ef8d02,35-44,Female,No Religion,White or Caucasian,Undergraduate degree (BA/BSc/other),English,Rural,"$50,000 - $59,999",Moderate
67abc1ee2a0e6c33e915f632,35-44,Male,Christianity,White or Caucasian,Doctorate degree (PhD/other),English,Urban,"More than $150,000",Very conservative
67abad8657f2530aae715e11,45-54,Male,Christianity,White or Caucasian,Doctorate degree (PhD/other),English,Urban,"More than $150,000",Very conservative
67775a3990c24dfe448b78bd,55-64,Male,No Religion,Asian,Graduate degree (MA/MSc/MPhil/other),English,Suburban,"$100,000 - $149,999",Moderate
677b706794388e138823dffd,35-44,Male,Christianity,Black or African American,Undergraduate degree (BA/BSc/other),English,Urban,"$90,000 - $99,999",Very conservative
5d0a8a22c0fd80001626e38d,25-34,Male,Christianity,White or Caucasian,Undergraduate degree (BA/BSc/other),English,Suburban,"$30,000 - $39,999",Very liberal
6792b0c31ed2afe68cdd6ace,35-44,Male,Christianity,White or Caucasian,Graduate degree (MA/MSc/MPhil/other),English,Urban,"$100,000 - $149,999",Conservative
67439bd25ea9ffc95e0d0ebe,25-34,Male,Christianity,Black or African American,Doctorate degree (PhD/other),English,Urban,"More than $150,000",Conservative
